TABLE_NAME	INDEX_NAME	NON_UNIQUE	COLUMN_NAME	SEQ_IN_INDEX
announcements	idx_announcements_author	1	author_id	1
announcements	idx_announcements_expires_at	1	expires_at	1
announcements	idx_announcements_pinned	1	is_pinned	1
announcements	idx_announcements_priority	1	priority	1
announcements	idx_announcements_published_at	1	published_at	1
announcements	idx_announcements_status	1	status	1
announcements	idx_announcements_type	1	type	1
announcements	PRIMARY	0	id	1
announcements	uq_announcements_title	0	title	1
attendance_gateways	idx_gateways_project_date_open	1	project_id	1
attendance_gateways	idx_gateways_project_date_open	1	date	2
attendance_gateways	idx_gateways_project_date_open	1	is_open	3
attendance_gateways	idx_gateways_work_location_date	1	work_location_id	1
attendance_gateways	idx_gateways_work_location_date	1	date	2
attendance_gateways	opened_by	1	opened_by	1
attendance_gateways	PRIMARY	0	id	1
attendance_gateways	uq_project_date	0	project_id	1
attendance_gateways	uq_project_date	0	date	2
attendance_records	fk_attendance_reviewed_by	1	reviewed_by	1
attendance_records	gateway_id	1	gateway_id	1
attendance_records	idx_attendance_date_project_status	1	date	1
attendance_records	idx_attendance_date_project_status	1	project_id	2
attendance_records	idx_attendance_date_project_status	1	status	3
attendance_records	idx_attendance_date_user	1	date	1
attendance_records	idx_attendance_date_user	1	user_id	2
attendance_records	idx_attendance_project_date_status	1	project_id	1
attendance_records	idx_attendance_project_date_status	1	date	2
attendance_records	idx_attendance_project_date_status	1	status	3
attendance_records	idx_attendance_user_project_date	1	user_id	1
attendance_records	idx_attendance_user_project_date	1	project_id	2
attendance_records	idx_attendance_user_project_date	1	date	3
attendance_records	idx_attendance_user_status_date	1	user_id	1
attendance_records	idx_attendance_user_status_date	1	status	2
attendance_records	idx_attendance_user_status_date	1	date	3
attendance_records	idx_attendance_work_location_date	1	work_location_id	1
attendance_records	idx_attendance_work_location_date	1	date	2
attendance_records	PRIMARY	0	id	1
attendance_records	uq_user_date	0	user_id	1
attendance_records	uq_user_date	0	date	2
audit_logs	idx_audit_action_created	1	action	1
audit_logs	idx_audit_action_created	1	created_at	2
audit_logs	idx_audit_actor_role	1	actor_role	1
audit_logs	idx_audit_actor_role	1	created_at	2
audit_logs	idx_audit_event_hash	1	event_hash	1
audit_logs	idx_audit_ip_created	1	ip	1
audit_logs	idx_audit_ip_created	1	created_at	2
audit_logs	idx_audit_module_created	1	module	1
audit_logs	idx_audit_module_created	1	created_at	2
audit_logs	idx_audit_severity_created	1	severity	1
audit_logs	idx_audit_severity_created	1	created_at	2
audit_logs	idx_audit_target	1	module	1
audit_logs	idx_audit_target	1	target_id	2
audit_logs	idx_created	1	created_at	1
audit_logs	idx_module	1	module	1
audit_logs	idx_user	1	user_id	1
audit_logs	PRIMARY	0	id	1
boq_items	idx_boq_item_no	1	item_no	1
boq_items	idx_boq_project	1	project_id	1
boq_items	idx_boq_project_item_no	1	project_id	1
boq_items	idx_boq_project_item_no	1	item_no	2
boq_items	idx_boq_project_review	1	project_id	1
boq_items	idx_boq_project_review	1	review_status	2
boq_items	idx_boq_project_risk	1	project_id	1
boq_items	idx_boq_project_risk	1	risk_status	2
boq_items	idx_boq_project_section	1	project_id	1
boq_items	idx_boq_project_section	1	section	2
boq_items	idx_boq_project_status	1	project_id	1
boq_items	idx_boq_project_status	1	status	2
boq_items	idx_boq_reviewed_by	1	last_reviewed_by	1
boq_items	PRIMARY	0	id	1
boq_review_updates	idx_boq_review_updates_item	1	boq_item_id	1
boq_review_updates	idx_boq_review_updates_item	1	created_at	2
boq_review_updates	idx_boq_review_updates_project	1	project_id	1
boq_review_updates	idx_boq_review_updates_project	1	created_at	2
boq_review_updates	idx_boq_review_updates_user	1	user_id	1
boq_review_updates	idx_boq_review_updates_user	1	created_at	2
boq_review_updates	PRIMARY	0	id	1
cms_pages	PRIMARY	0	id	1
cms_pages	slug	0	slug	1
cms_revisions	created_by	1	created_by	1
cms_revisions	idx_cms_revisions_page_created	1	page_id	1
cms_revisions	idx_cms_revisions_page_created	1	created_at	2
cms_revisions	idx_cms_revisions_target	1	revision_type	1
cms_revisions	idx_cms_revisions_target	1	target_key	2
cms_revisions	PRIMARY	0	id	1
cms_revisions	section_id	1	section_id	1
cms_sections	PRIMARY	0	id	1
cms_sections	uq_page_section	0	page_id	1
cms_sections	uq_page_section	0	section_key	2
cms_settings	key	0	key	1
cms_settings	PRIMARY	0	id	1
community_liaison	idx_cl_project_date	1	project_id	1
community_liaison	idx_cl_project_date	1	log_date	2
community_liaison	idx_cl_status_followup	1	status	1
community_liaison	idx_cl_status_followup	1	follow_up_date	2
community_liaison	PRIMARY	0	id	1
community_liaison	recorded_by	1	recorded_by	1
constituencies	PRIMARY	0	id	1
constituencies	slug	0	slug	1
contact_departments	idx_contact_departments_subject	1	subject_key	1
contact_departments	idx_contact_departments_visible	1	is_visible	1
contact_departments	idx_contact_departments_visible	1	sort_order	2
contact_departments	PRIMARY	0	id	1
contact_departments	uq_contact_department_name	0	name	1
contact_replies	idx_contact_replies_delivery	1	delivery_status	1
contact_replies	idx_contact_replies_delivery	1	created_at	2
contact_replies	idx_contact_replies_sender	1	sender_user_id	1
contact_replies	idx_contact_replies_sender	1	created_at	2
contact_replies	idx_contact_replies_submission	1	contact_submission_id	1
contact_replies	idx_contact_replies_submission	1	created_at	2
contact_replies	PRIMARY	0	id	1
contact_submissions	idx_contact_assigned_status	1	assigned_to	1
contact_submissions	idx_contact_assigned_status	1	status	2
contact_submissions	idx_contact_created	1	created_at	1
contact_submissions	idx_contact_email	1	email	1
contact_submissions	idx_contact_internal_thread	1	internal_thread_id	1
contact_submissions	idx_contact_ip_created	1	ip_address	1
contact_submissions	idx_contact_ip_created	1	created_at	2
contact_submissions	idx_contact_read_status	1	is_read	1
contact_submissions	idx_contact_read_status	1	status	2
contact_submissions	idx_contact_submissions_status	1	status	1
contact_submissions	idx_contact_submissions_status	1	created_at	2
contact_submissions	PRIMARY	0	id	1
contractors	idx_contractors_constituency	1	constituency_id	1
contractors	idx_contractors_project	1	project_id	1
contractors	idx_contractors_status	1	status	1
contractors	PRIMARY	0	id	1
contractors	slug	0	slug	1
contractor_submission_attachments	idx_csa_media	1	media_id	1
contractor_submission_attachments	idx_csa_project	1	project_id	1
contractor_submission_attachments	idx_csa_project	1	submission_type	2
contractor_submission_attachments	idx_csa_project	1	created_at	3
contractor_submission_attachments	idx_csa_submission	1	submission_type	1
contractor_submission_attachments	idx_csa_submission	1	submission_id	2
contractor_submission_attachments	idx_csa_user	1	uploaded_by	1
contractor_submission_attachments	idx_csa_user	1	created_at	2
contractor_submission_attachments	PRIMARY	0	id	1
defects	assigned_to	1	assigned_to	1
defects	idx_defects_consultant_review	1	project_id	1
defects	idx_defects_consultant_review	1	consultant_review_status	2
defects	idx_defects_consultant_review	1	raised_date	3
defects	idx_defects_project_status_date	1	project_id	1
defects	idx_defects_project_status_date	1	status	2
defects	idx_defects_project_status_date	1	raised_date	3
defects	PRIMARY	0	id	1
defects	raised_by	1	raised_by	1
documents	idx_documents_category_review	1	category	1
documents	idx_documents_category_review	1	consultant_review_status	2
documents	idx_documents_clerk_type	1	project_id	1
documents	idx_documents_clerk_type	1	clerk_document_type	2
documents	idx_documents_clerk_type	1	site_record_date	3
documents	idx_documents_consultant_review	1	project_id	1
documents	idx_documents_consultant_review	1	consultant_review_status	2
documents	idx_documents_consultant_review	1	created_at	3
documents	idx_documents_project_created	1	project_id	1
documents	idx_documents_project_created	1	created_at	2
documents	PRIMARY	0	id	1
documents	uploaded_by	1	uploaded_by	1
email_logs	idx_email_logs_provider_message	1	provider_message_id	1
email_logs	idx_email_logs_recipient	1	recipient_email	1
email_logs	idx_email_logs_status_created	1	status	1
email_logs	idx_email_logs_status_created	1	created_at	2
email_logs	idx_email_logs_user_created	1	recipient_user_id	1
email_logs	idx_email_logs_user_created	1	created_at	2
email_logs	PRIMARY	0	id	1
environmental_logs	PRIMARY	0	id	1
environmental_logs	project_id	1	project_id	1
environmental_logs	recorded_by	1	recorded_by	1
eot_requests	approved_by	1	approved_by	1
eot_requests	idx_eot_consultant_review	1	project_id	1
eot_requests	idx_eot_consultant_review	1	consultant_review_status	2
eot_requests	idx_eot_consultant_review	1	created_at	3
eot_requests	idx_eot_manager_review	1	manager_recommendation	1
eot_requests	idx_eot_manager_review	1	manager_reviewed_at	2
eot_requests	idx_eot_project_status	1	project_id	1
eot_requests	idx_eot_project_status	1	status	2
eot_requests	idx_eot_project_status_created	1	project_id	1
eot_requests	idx_eot_project_status_created	1	status	2
eot_requests	idx_eot_project_status_created	1	created_at	3
eot_requests	idx_eot_project_user_status	1	project_id	1
eot_requests	idx_eot_project_user_status	1	submitted_by	2
eot_requests	idx_eot_project_user_status	1	status	3
eot_requests	idx_eot_status	1	status	1
eot_requests	PRIMARY	0	id	1
eot_requests	submitted_by	1	submitted_by	1
equipment_register	idx_equipment_check	1	project_id	1
equipment_register	idx_equipment_check	1	check_status	2
equipment_register	idx_equipment_check	1	status	3
equipment_register	idx_equipment_project_dates	1	project_id	1
equipment_register	idx_equipment_project_dates	1	date_on_site	2
equipment_register	idx_equipment_project_dates	1	date_off_site	3
equipment_register	idx_equipment_project_status	1	project_id	1
equipment_register	idx_equipment_project_status	1	status	2
equipment_register	PRIMARY	0	id	1
faq_categories	PRIMARY	0	id	1
faq_categories	slug	0	slug	1
faq_items	PRIMARY	0	id	1
gallery_categories	PRIMARY	0	id	1
gallery_categories	project_id	1	project_id	1
gallery_categories	slug	0	slug	1
gallery_images	category_id	1	category_id	1
gallery_images	idx_gallery_media_type	1	media_type	1
gallery_images	idx_gallery_site	1	site_key	1
gallery_images	idx_gallery_status	1	status	1
gallery_images	idx_gallery_year	1	year	1
gallery_images	PRIMARY	0	id	1
gallery_media	fk_gallery_media_thumb	1	thumbnail_media_id	1
gallery_media	idx_gallery_media_gallery	1	gallery_id	1
gallery_media	idx_gallery_media_media	1	media_id	1
gallery_media	idx_gallery_media_type	1	media_type	1
gallery_media	PRIMARY	0	id	1
geo_fences	created_by	1	created_by	1
geo_fences	fk_geo_fences_verified_by	1	verified_by	1
geo_fences	idx_geo_project_status	1	project_id	1
geo_fences	idx_geo_project_status	1	status	2
geo_fences	PRIMARY	0	id	1
hs_incidents	idx_hs_followup	1	follow_up_date	1
hs_incidents	idx_hs_followup	1	status	2
hs_incidents	idx_hs_project_date	1	project_id	1
hs_incidents	idx_hs_project_date	1	incident_date	2
hs_incidents	idx_hs_status_severity	1	status	1
hs_incidents	idx_hs_status_severity	1	severity	2
hs_incidents	PRIMARY	0	id	1
hs_incidents	reported_by	1	reported_by	1
inspection_test_plans	idx_itp_clerk_status	1	project_id	1
inspection_test_plans	idx_itp_clerk_status	1	inspection_status	2
inspection_test_plans	idx_itp_clerk_status	1	inspection_date	3
inspection_test_plans	idx_itp_consultant_review	1	project_id	1
inspection_test_plans	idx_itp_consultant_review	1	consultant_review_status	2
inspection_test_plans	idx_itp_consultant_review	1	inspection_date	3
inspection_test_plans	idx_itp_project_date	1	project_id	1
inspection_test_plans	idx_itp_project_date	1	inspection_date	2
inspection_test_plans	inspected_by	1	inspected_by	1
inspection_test_plans	PRIMARY	0	id	1
intern_site_entries	idx_intern_entries_project_status	1	project_id	1
intern_site_entries	idx_intern_entries_project_status	1	status	2
intern_site_entries	idx_intern_entries_project_status	1	entry_date	3
intern_site_entries	idx_intern_entries_review	1	status	1
intern_site_entries	idx_intern_entries_review	1	reviewed_at	2
intern_site_entries	idx_intern_entries_user_project_date	1	user_id	1
intern_site_entries	idx_intern_entries_user_project_date	1	project_id	2
intern_site_entries	idx_intern_entries_user_project_date	1	entry_date	3
intern_site_entries	media_id	1	media_id	1
intern_site_entries	milestone_id	1	milestone_id	1
intern_site_entries	PRIMARY	0	id	1
intern_site_entries	reviewed_by	1	reviewed_by	1
intern_site_photos	idx_intern_photos_media	1	media_id	1
intern_site_photos	idx_intern_photos_project_category	1	project_id	1
intern_site_photos	idx_intern_photos_project_category	1	category	2
intern_site_photos	idx_intern_photos_project_category	1	status	3
intern_site_photos	idx_intern_photos_user_project	1	user_id	1
intern_site_photos	idx_intern_photos_user_project	1	project_id	2
intern_site_photos	idx_intern_photos_user_project	1	created_at	3
intern_site_photos	PRIMARY	0	id	1
intern_site_photos	reviewed_by	1	reviewed_by	1
ipcs	idx_ipcs_approved_at	1	approved_at	1
ipcs	idx_ipcs_clerk_verified	1	project_id	1
ipcs	idx_ipcs_clerk_verified	1	status	2
ipcs	idx_ipcs_clerk_verified	1	clerk_verified_at	3
ipcs	idx_ipcs_contractor_status	1	contractor_id	1
ipcs	idx_ipcs_contractor_status	1	status	2
ipcs	idx_ipcs_paid_at	1	paid_at	1
ipcs	idx_ipcs_payment_status	1	payment_status	1
ipcs	idx_ipcs_payment_status	1	paid_at	2
ipcs	idx_ipcs_project_status	1	project_id	1
ipcs	idx_ipcs_project_status	1	status	2
ipcs	idx_ipcs_project_status_certified	1	project_id	1
ipcs	idx_ipcs_project_status_certified	1	status	2
ipcs	idx_ipcs_project_status_certified	1	certified_at	3
ipcs	idx_ipcs_project_status_submitted	1	project_id	1
ipcs	idx_ipcs_project_status_submitted	1	status	2
ipcs	idx_ipcs_project_status_submitted	1	submitted_at	3
ipcs	idx_ipcs_status	1	status	1
ipcs	idx_ipcs_status_payment_approved	1	status	1
ipcs	idx_ipcs_status_payment_approved	1	payment_status	2
ipcs	idx_ipcs_status_payment_approved	1	approved_at	3
ipcs	idx_ipcs_submitted_at	1	submitted_at	1
ipcs	PRIMARY	0	id	1
ipcs	uq_project_ipc_no	0	project_id	1
ipcs	uq_project_ipc_no	0	ipc_number	2
ipc_approvals	action_by	1	action_by	1
ipc_approvals	idx_ipc_approvals_action	1	action	1
ipc_approvals	idx_ipc_approvals_actioned_at	1	actioned_at	1
ipc_approvals	idx_ipc_approvals_ipc_step	1	ipc_id	1
ipc_approvals	idx_ipc_approvals_ipc_step	1	step	2
ipc_approvals	idx_ipc_approvals_ipc_step_actioned	1	ipc_id	1
ipc_approvals	idx_ipc_approvals_ipc_step_actioned	1	step	2
ipc_approvals	idx_ipc_approvals_ipc_step_actioned	1	actioned_at	3
ipc_approvals	PRIMARY	0	id	1
ipc_attachments	idx_ipc_attachments_ipc	1	ipc_id	1
ipc_attachments	idx_ipc_attachments_media	1	media_id	1
ipc_attachments	idx_ipc_attachments_user	1	uploaded_by	1
ipc_attachments	idx_ipc_attachments_user	1	created_at	2
ipc_attachments	PRIMARY	0	id	1
ipc_lines	idx_ipc_lines_boq	1	boq_item_id	1
ipc_lines	idx_ipc_lines_ipc	1	ipc_id	1
ipc_lines	idx_ipc_lines_ipc_boq	1	ipc_id	1
ipc_lines	idx_ipc_lines_ipc_boq	1	boq_item_id	2
ipc_lines	PRIMARY	0	id	1
labour_register	idx_labour_project_date	1	project_id	1
labour_register	idx_labour_project_date	1	diary_date	2
labour_register	idx_labour_project_status_date	1	project_id	1
labour_register	idx_labour_project_status_date	1	status	2
labour_register	idx_labour_project_status_date	1	diary_date	3
labour_register	idx_labour_verification	1	project_id	1
labour_register	idx_labour_verification	1	verification_status	2
labour_register	idx_labour_verification	1	diary_date	3
labour_register	PRIMARY	0	id	1
labour_register	recorded_by	1	recorded_by	1
labour_register	uq_project_date	0	project_id	1
labour_register	uq_project_date	0	diary_date	2
leadership_profiles	idx_leadership_slug	0	slug	1
leadership_profiles	idx_leadership_type_status	1	profile_type	1
leadership_profiles	idx_leadership_type_status	1	status	2
leadership_profiles	PRIMARY	0	id	1
leadership_quotes	idx_leadership_quotes_status	1	status	1
leadership_quotes	idx_leadership_quotes_status	1	is_featured	2
leadership_quotes	PRIMARY	0	id	1
liquidated_damages	idx_ld_ipc	1	applied_to_ipc_id	1
liquidated_damages	idx_ld_project_status	1	project_id	1
liquidated_damages	idx_ld_project_status	1	status	2
liquidated_damages	idx_ld_status_updated	1	status	1
liquidated_damages	idx_ld_status_updated	1	updated_at	2
liquidated_damages	PRIMARY	0	id	1
manager_project_notes	idx_manager_project_notes_manager_created	1	manager_id	1
manager_project_notes	idx_manager_project_notes_manager_created	1	created_at	2
manager_project_notes	idx_manager_project_notes_project_status	1	project_id	1
manager_project_notes	idx_manager_project_notes_project_status	1	status	2
manager_project_notes	idx_manager_project_notes_severity	1	severity	1
manager_project_notes	PRIMARY	0	id	1
material_approvals	approved_by	1	approved_by	1
material_approvals	idx_material_approvals_project_status_date	1	project_id	1
material_approvals	idx_material_approvals_project_status_date	1	status	2
material_approvals	idx_material_approvals_project_status_date	1	submitted_date	3
material_approvals	idx_material_project_user_status	1	project_id	1
material_approvals	idx_material_project_user_status	1	submitted_by	2
material_approvals	idx_material_project_user_status	1	status	3
material_approvals	idx_material_status_date	1	status	1
material_approvals	idx_material_status_date	1	submitted_date	2
material_approvals	PRIMARY	0	id	1
material_approvals	submitted_by	1	submitted_by	1
material_deliveries	idx_material_deliveries_project_date	1	project_id	1
material_deliveries	idx_material_deliveries_project_date	1	delivery_date	2
material_deliveries	idx_material_deliveries_project_status_date	1	project_id	1
material_deliveries	idx_material_deliveries_project_status_date	1	status	2
material_deliveries	idx_material_deliveries_project_status_date	1	delivery_date	3
material_deliveries	idx_material_verification	1	project_id	1
material_deliveries	idx_material_verification	1	verification_status	2
material_deliveries	idx_material_verification	1	delivery_date	3
material_deliveries	PRIMARY	0	id	1
material_deliveries	received_by	1	received_by	1
media_library	idx_media_deleted_at	1	deleted_at	1
media_library	idx_media_folder	1	folder	1
media_library	idx_media_path	1	path	1
media_library	idx_media_type	1	type	1
media_library	PRIMARY	0	id	1
media_library	uploaded_by	1	uploaded_by	1
media_usage	idx_media_usage_media	1	media_id	1
media_usage	PRIMARY	0	id	1
media_usage	uq_media_usage_ref	0	media_id	1
media_usage	uq_media_usage_ref	0	module	2
media_usage	uq_media_usage_ref	0	owner_type	3
media_usage	uq_media_usage_ref	0	owner_id	4
media_usage	uq_media_usage_ref	0	field_name	5
messages	idx_messages_sender	1	sender_id	1
messages	idx_messages_thread_created	1	thread_id	1
messages	idx_messages_thread_created	1	created_at	2
messages	PRIMARY	0	id	1
message_attachments	idx_attachments_message	1	message_id	1
message_attachments	idx_attachments_token	1	upload_token	1
message_attachments	PRIMARY	0	id	1
message_participants	idx_participants_thread	1	thread_id	1
message_participants	idx_participants_user	1	user_id	1
message_participants	idx_participants_user	1	is_archived	2
message_participants	PRIMARY	0	id	1
message_participants	uq_thread_user	0	thread_id	1
message_participants	uq_thread_user	0	user_id	2
message_reads	idx_reads_user	1	user_id	1
message_reads	PRIMARY	0	id	1
message_reads	uq_msg_user	0	message_id	1
message_reads	uq_msg_user	0	user_id	2
message_threads	created_by	1	created_by	1
message_threads	idx_threads_last_message	1	last_message_at	1
message_threads	idx_threads_project	1	project_id	1
message_threads	PRIMARY	0	id	1
milestones	idx_milestones_priority	1	priority	1
milestones	idx_milestones_project_status	1	project_id	1
milestones	idx_milestones_project_status	1	status	2
milestones	idx_milestones_project_status_target	1	project_id	1
milestones	idx_milestones_project_status_target	1	status	2
milestones	idx_milestones_project_status_target	1	target_date	3
milestones	idx_milestones_target_date	1	target_date	1
milestones	idx_milestones_updated_by	1	updated_by	1
milestones	idx_project_seq	1	project_id	1
milestones	idx_project_seq	1	sequence	2
milestones	PRIMARY	0	id	1
milestone_updates	idx_milestone_updates_milestone	1	milestone_id	1
milestone_updates	idx_milestone_updates_milestone	1	created_at	2
milestone_updates	idx_milestone_updates_project	1	project_id	1
milestone_updates	idx_milestone_updates_project	1	created_at	2
milestone_updates	idx_milestone_updates_user	1	user_id	1
milestone_updates	idx_milestone_updates_user	1	created_at	2
milestone_updates	PRIMARY	0	id	1
navigation_links	PRIMARY	0	id	1
navigation_links	uq_nav_area_href	0	area	1
navigation_links	uq_nav_area_href	0	href	2
news_articles	author_id	1	author_id	1
news_articles	category_id	1	category_id	1
news_articles	idx_news_deleted	1	deleted_at	1
news_articles	idx_news_format	1	post_format	1
news_articles	idx_news_ticker	1	show_in_ticker	1
news_articles	idx_news_ticker	1	ticker_priority	2
news_articles	idx_news_ticker	1	published_at	3
news_articles	idx_news_visibility	1	is_visible	1
news_articles	idx_published	1	published_at	1
news_articles	idx_status	1	status	1
news_articles	PRIMARY	0	id	1
news_articles	slug	0	slug	1
news_articles	uq_news_slug	0	slug	1
news_article_tags	PRIMARY	0	id	1
news_article_tags	tag_id	1	tag_id	1
news_article_tags	uq_article_tag	0	article_id	1
news_article_tags	uq_article_tag	0	tag_id	2
news_categories	PRIMARY	0	id	1
news_categories	slug	0	slug	1
news_tags	PRIMARY	0	id	1
news_tags	slug	0	slug	1
non_conformance_reports	closed_by	1	closed_by	1
non_conformance_reports	idx_ncr_consultant_review	1	project_id	1
non_conformance_reports	idx_ncr_consultant_review	1	consultant_review_status	2
non_conformance_reports	idx_ncr_consultant_review	1	raised_date	3
non_conformance_reports	idx_ncr_project_status_date	1	project_id	1
non_conformance_reports	idx_ncr_project_status_date	1	status	2
non_conformance_reports	idx_ncr_project_status_date	1	raised_date	3
non_conformance_reports	PRIMARY	0	id	1
non_conformance_reports	raised_by	1	raised_by	1
notifications	idx_notifications_source	1	source_module	1
notifications	idx_notifications_source	1	source_id	2
notifications	idx_notifications_type_created	1	type	1
notifications	idx_notifications_type_created	1	created_at	2
notifications	idx_notifications_user_created	1	user_id	1
notifications	idx_notifications_user_created	1	created_at	2
notifications	idx_notifications_user_read_created	1	user_id	1
notifications	idx_notifications_user_read_created	1	is_read	2
notifications	idx_notifications_user_read_created	1	created_at	3
notifications	idx_notifications_user_read_created_mgr	1	user_id	1
notifications	idx_notifications_user_read_created_mgr	1	is_read	2
notifications	idx_notifications_user_read_created_mgr	1	created_at	3
notifications	idx_user_read	1	user_id	1
notifications	idx_user_read	1	is_read	2
notifications	PRIMARY	0	id	1
password_resets	idx_password_resets_email_created	1	email	1
password_resets	idx_password_resets_email_created	1	created_at	2
password_resets	idx_password_resets_hash	1	token_hash	1
password_resets	idx_password_resets_ip_created	1	created_ip	1
password_resets	idx_password_resets_ip_created	1	created_at	2
password_resets	idx_password_resets_user_used	1	user_id	1
password_resets	idx_password_resets_user_used	1	used	2
password_resets	idx_password_resets_user_used	1	expires_at	3
password_resets	PRIMARY	0	id	1
password_resets	token	0	token	1
payments	idx_payments_ipc_status	1	ipc_id	1
payments	idx_payments_ipc_status	1	status	2
payments	idx_payments_project_date	1	project_id	1
payments	idx_payments_project_date	1	payment_date	2
payments	idx_payments_project_status_date	1	project_id	1
payments	idx_payments_project_status_date	1	status	2
payments	idx_payments_project_status_date	1	payment_date	3
payments	idx_payments_reference	1	reference_no	1
payments	idx_payments_status_date	1	status	1
payments	idx_payments_status_date	1	payment_date	2
payments	ipc_id	1	ipc_id	1
payments	PRIMARY	0	id	1
payments	processed_by	1	processed_by	1
programme_tasks	idx_programme_assigned_to	1	assigned_to	1
programme_tasks	idx_programme_consultant_review	1	project_id	1
programme_tasks	idx_programme_consultant_review	1	consultant_review_status	2
programme_tasks	idx_programme_consultant_review	1	planned_end	3
programme_tasks	idx_programme_dependency	1	depends_on_task_id	1
programme_tasks	idx_programme_project	1	project_id	1
programme_tasks	idx_programme_project_assignee_status	1	project_id	1
programme_tasks	idx_programme_project_assignee_status	1	assigned_to	2
programme_tasks	idx_programme_project_assignee_status	1	status	3
programme_tasks	idx_programme_project_critical_end	1	project_id	1
programme_tasks	idx_programme_project_critical_end	1	critical_path	2
programme_tasks	idx_programme_project_critical_end	1	planned_end	3
programme_tasks	idx_programme_project_dates	1	project_id	1
programme_tasks	idx_programme_project_dates	1	planned_start	2
programme_tasks	idx_programme_project_dates	1	planned_end	3
programme_tasks	idx_programme_project_status	1	project_id	1
programme_tasks	idx_programme_project_status	1	status	2
programme_tasks	idx_programme_project_status_end	1	project_id	1
programme_tasks	idx_programme_project_status_end	1	status	2
programme_tasks	idx_programme_project_status_end	1	end_date	3
programme_tasks	PRIMARY	0	id	1
projects	category_id	1	category_id	1
projects	constituency_id	1	constituency_id	1
projects	idx_featured	1	is_featured	1
projects	idx_projects_consultant_status	1	consultant_id	1
projects	idx_projects_consultant_status	1	status	2
projects	idx_projects_contractor_status	1	contractor_id	1
projects	idx_projects_contractor_status	1	status	2
projects	idx_status	1	status	1
projects	PRIMARY	0	id	1
projects	slug	0	slug	1
project_assignments	idx_assignments_project_user_status	1	project_id	1
project_assignments	idx_assignments_project_user_status	1	user_id	2
project_assignments	idx_assignments_project_user_status	1	status	3
project_assignments	idx_assignments_user_status_project	1	user_id	1
project_assignments	idx_assignments_user_status_project	1	status	2
project_assignments	idx_assignments_user_status_project	1	project_id	3
project_assignments	idx_project_assignments_primary	1	project_id	1
project_assignments	idx_project_assignments_primary	1	role	2
project_assignments	idx_project_assignments_primary	1	is_primary	3
project_assignments	idx_project_assignments_project_role_status	1	project_id	1
project_assignments	idx_project_assignments_project_role_status	1	role	2
project_assignments	idx_project_assignments_project_role_status	1	status	3
project_assignments	idx_project_assignments_project_status	1	project_id	1
project_assignments	idx_project_assignments_project_status	1	status	2
project_assignments	idx_project_assignments_status_dates	1	status	1
project_assignments	idx_project_assignments_status_dates	1	start_date	2
project_assignments	idx_project_assignments_status_dates	1	end_date	3
project_assignments	idx_project_assignments_user_project	1	user_id	1
project_assignments	idx_project_assignments_user_project	1	project_id	2
project_assignments	idx_project_assignments_user_project_status	1	user_id	1
project_assignments	idx_project_assignments_user_project_status	1	project_id	2
project_assignments	idx_project_assignments_user_project_status	1	status	3
project_assignments	idx_project_assignments_user_role_status	1	user_id	1
project_assignments	idx_project_assignments_user_role_status	1	role	2
project_assignments	idx_project_assignments_user_role_status	1	status	3
project_assignments	idx_project_assignments_user_status	1	user_id	1
project_assignments	idx_project_assignments_user_status	1	status	2
project_assignments	PRIMARY	0	id	1
project_assignments	uq_project_user	0	project_id	1
project_assignments	uq_project_user	0	user_id	2
project_categories	PRIMARY	0	id	1
project_categories	slug	0	slug	1
project_channels	created_by	1	created_by	1
project_channels	PRIMARY	0	id	1
project_channels	project_id	1	project_id	1
project_progress_updates	idx_progress_media	1	media_id	1
project_progress_updates	idx_progress_project_created	1	project_id	1
project_progress_updates	idx_progress_project_created	1	created_at	2
project_progress_updates	idx_progress_status_created	1	status	1
project_progress_updates	idx_progress_status_created	1	created_at	2
project_progress_updates	idx_progress_user_created	1	submitted_by	1
project_progress_updates	idx_progress_user_created	1	created_at	2
project_progress_updates	PRIMARY	0	id	1
project_progress_updates	reviewed_by	1	reviewed_by	1
public_frontend_content_snapshots	idx_public_frontend_content_file	1	file_path	1
public_frontend_content_snapshots	idx_public_frontend_content_hash	1	source_hash	1
public_frontend_content_snapshots	page_slug	0	page_slug	1
public_frontend_content_snapshots	PRIMARY	0	id	1
quality_tests	idx_quality_consultant_review	1	project_id	1
quality_tests	idx_quality_consultant_review	1	consultant_review_status	2
quality_tests	idx_quality_consultant_review	1	test_date	3
quality_tests	idx_quality_tests_clerk_verification	1	project_id	1
quality_tests	idx_quality_tests_clerk_verification	1	verification_status	2
quality_tests	idx_quality_tests_clerk_verification	1	test_date	3
quality_tests	idx_quality_tests_project_result_date	1	project_id	1
quality_tests	idx_quality_tests_project_result_date	1	pass_fail	2
quality_tests	idx_quality_tests_project_result_date	1	test_date	3
quality_tests	PRIMARY	0	id	1
quality_tests	tested_by	1	tested_by	1
report_runs	idx_report_runs_scope	1	scope_role	1
report_runs	idx_report_runs_scope	1	scope_user_id	2
report_runs	idx_report_runs_scope	1	created_at	3
report_runs	idx_report_runs_type_created	1	report_type	1
report_runs	idx_report_runs_type_created	1	created_at	2
report_runs	idx_report_runs_user_created	1	user_id	1
report_runs	idx_report_runs_user_created	1	created_at	2
report_runs	PRIMARY	0	id	1
retention	idx_retention_ipc	1	ipc_id	1
retention	idx_retention_project_status_release	1	project_id	1
retention	idx_retention_project_status_release	1	status	2
retention	idx_retention_project_status_release	1	release_date	3
retention	idx_retention_status_release	1	status	1
retention	idx_retention_status_release	1	release_date	2
retention	PRIMARY	0	id	1
retention	processed_by	1	processed_by	1
retention	project_id	1	project_id	1
retention_release_history	fk_rrh_ipc	1	ipc_id	1
retention_release_history	fk_rrh_user	1	processed_by	1
retention_release_history	idx_rrh_project_date	1	project_id	1
retention_release_history	idx_rrh_project_date	1	release_date	2
retention_release_history	idx_rrh_retention_created	1	retention_id	1
retention_release_history	idx_rrh_retention_created	1	created_at	2
retention_release_history	PRIMARY	0	id	1
rfis	idx_rfis_project_user_status	1	project_id	1
rfis	idx_rfis_project_user_status	1	raised_by	2
rfis	idx_rfis_project_user_status	1	status	3
rfis	PRIMARY	0	id	1
rfis	raised_by	1	raised_by	1
rfis	responded_by	1	responded_by	1
roles	PRIMARY	0	id	1
roles	slug	0	slug	1
shop_drawings	idx_shop_drawings_project_status_date	1	project_id	1
shop_drawings	idx_shop_drawings_project_status_date	1	status	2
shop_drawings	idx_shop_drawings_project_status_date	1	submitted_date	3
shop_drawings	idx_shop_drawings_status_date	1	status	1
shop_drawings	idx_shop_drawings_status_date	1	submitted_date	2
shop_drawings	idx_shop_project_user_status	1	project_id	1
shop_drawings	idx_shop_project_user_status	1	submitted_by	2
shop_drawings	idx_shop_project_user_status	1	status	3
shop_drawings	PRIMARY	0	id	1
shop_drawings	reviewed_by	1	reviewed_by	1
shop_drawings	submitted_by	1	submitted_by	1
site_diaries	idx_site_diaries_consultant_review	1	project_id	1
site_diaries	idx_site_diaries_consultant_review	1	consultant_review_status	2
site_diaries	idx_site_diaries_consultant_review	1	diary_date	3
site_diaries	idx_site_diaries_project_status_date	1	project_id	1
site_diaries	idx_site_diaries_project_status_date	1	status	2
site_diaries	idx_site_diaries_project_status_date	1	diary_date	3
site_diaries	PRIMARY	0	id	1
site_diaries	recorded_by	1	recorded_by	1
site_diaries	uq_project_date	0	project_id	1
site_diaries	uq_project_date	0	diary_date	2
site_meeting_minutes	idx_smm_action_status	1	action_status	1
site_meeting_minutes	idx_smm_action_status	1	meeting_date	2
site_meeting_minutes	idx_smm_project_date	1	project_id	1
site_meeting_minutes	idx_smm_project_date	1	meeting_date	2
site_meeting_minutes	idx_smm_status	1	status	1
site_meeting_minutes	idx_smm_status	1	meeting_date	2
site_meeting_minutes	PRIMARY	0	id	1
site_meeting_minutes	recorded_by	1	recorded_by	1
stakeholders	idx_stakeholders_formal	1	is_formal_partner	1
stakeholders	idx_stakeholders_formal	1	status	2
stakeholders	idx_stakeholders_formal	1	sort_order	3
stakeholders	idx_stakeholders_group_status	1	group_id	1
stakeholders	idx_stakeholders_group_status	1	status	2
stakeholders	idx_stakeholders_group_status	1	sort_order	3
stakeholders	idx_stakeholders_slug	0	slug	1
stakeholders	PRIMARY	0	id	1
stakeholder_engagement_paths	idx_stakeholder_engagement_status	1	status	1
stakeholder_engagement_paths	idx_stakeholder_engagement_status	1	sort_order	2
stakeholder_engagement_paths	PRIMARY	0	id	1
stakeholder_engagement_paths	slug	0	slug	1
stakeholder_groups	idx_stakeholder_groups_status	1	status	1
stakeholder_groups	idx_stakeholder_groups_status	1	sort_order	2
stakeholder_groups	PRIMARY	0	id	1
stakeholder_groups	slug	0	slug	1
stakeholder_milestones	idx_stakeholder_milestones_group	1	group_id	1
stakeholder_milestones	idx_stakeholder_milestones_status	1	status	1
stakeholder_milestones	idx_stakeholder_milestones_status	1	sort_order	2
stakeholder_milestones	PRIMARY	0	id	1
stakeholder_testimonials	idx_stakeholder_testimonials_group	1	group_id	1
stakeholder_testimonials	idx_stakeholder_testimonials_status	1	status	1
stakeholder_testimonials	idx_stakeholder_testimonials_status	1	sort_order	2
stakeholder_testimonials	PRIMARY	0	id	1
subcontractors	idx_subcontractors_compliance	1	compliance_status	1
subcontractors	idx_subcontractors_compliance	1	risk_status	2
subcontractors	idx_subcontractors_project_status	1	project_id	1
subcontractors	idx_subcontractors_project_status	1	status	2
subcontractors	PRIMARY	0	id	1
subscribers	email	0	email	1
subscribers	idx_subscribers_email	1	email	1
subscribers	idx_subscribers_ip	1	ip	1
subscribers	idx_subscribers_status	1	status	1
subscribers	idx_subscribers_status	1	subscribed_at	2
subscribers	idx_subscribers_subscribed_at	1	subscribed_at	1
subscribers	PRIMARY	0	id	1
system_health_snapshots	idx_health_created	1	created_at	1
system_health_snapshots	idx_health_created_by	1	created_by	1
system_health_snapshots	idx_health_created_by	1	created_at	2
system_health_snapshots	idx_health_status_created	1	status	1
system_health_snapshots	idx_health_status_created	1	created_at	2
system_health_snapshots	PRIMARY	0	id	1
system_settings	fk_system_settings_user	1	updated_by	1
system_settings	idx_system_settings_group_sort	1	setting_group	1
system_settings	idx_system_settings_group_sort	1	sort_order	2
system_settings	idx_system_settings_public	1	is_public	1
system_settings	idx_system_settings_updated	1	updated_at	1
system_settings	PRIMARY	0	id	1
system_settings	setting_key	0	setting_key	1
system_setting_revisions	idx_system_setting_revisions_key_changed	1	setting_key	1
system_setting_revisions	idx_system_setting_revisions_key_changed	1	changed_at	2
system_setting_revisions	idx_system_setting_revisions_user_changed	1	changed_by	1
system_setting_revisions	idx_system_setting_revisions_user_changed	1	changed_at	2
system_setting_revisions	PRIMARY	0	id	1
users	email	0	email	1
users	PRIMARY	0	id	1
users	role_id	1	role_id	1
users	uniq_users_phone	0	phone	1
user_role_assignments	PRIMARY	0	id	1
user_role_assignments	role_id	1	role_id	1
user_role_assignments	user_id	1	user_id	1
user_sessions	PRIMARY	0	id	1
user_sessions	token	0	token	1
user_sessions	user_id	1	user_id	1
variations	approved_by	1	approved_by	1
variations	idx_variations_consultant_review	1	project_id	1
variations	idx_variations_consultant_review	1	consultant_review_status	2
variations	idx_variations_consultant_review	1	created_at	3
variations	idx_variations_project_status_created	1	project_id	1
variations	idx_variations_project_status_created	1	status	2
variations	idx_variations_project_status_created	1	created_at	3
variations	idx_variations_project_user_status	1	project_id	1
variations	idx_variations_project_user_status	1	submitted_by	2
variations	idx_variations_project_user_status	1	status	3
variations	idx_variations_status	1	status	1
variations	PRIMARY	0	id	1
variations	submitted_by	1	submitted_by	1
wards	PRIMARY	0	id	1
wards	uq_wards_constituency_slug	0	constituency_id	1
wards	uq_wards_constituency_slug	0	slug	2
weather_logs	idx_weather_project_date	1	project_id	1
weather_logs	idx_weather_project_date	1	log_date	2
weather_logs	PRIMARY	0	id	1
weather_logs	project_id	1	project_id	1
weather_logs	recorded_by	1	recorded_by	1
work_locations	idx_work_locations_status	1	status	1
work_locations	idx_work_locations_type	1	location_type	1
work_locations	PRIMARY	0	id	1
work_locations	slug	0	slug	1
work_location_assignments	idx_wla_location_status	1	work_location_id	1
work_location_assignments	idx_wla_location_status	1	status	2
work_location_assignments	idx_wla_user_status	1	user_id	1
work_location_assignments	idx_wla_user_status	1	status	2
work_location_assignments	PRIMARY	0	id	1
work_location_assignments	uniq_work_location_user	0	work_location_id	1
work_location_assignments	uniq_work_location_user	0	user_id	2
_migrations	migration	0	migration	1
_migrations	PRIMARY	0	id	1
